<?xml version="1.0" encoding="UTF-8"?>
<!DOCTYPE mapper PUBLIC "-//mybatis.org//DTD Mapper3.0//EN"
        "http://mybatis.org/dtd/mybatis-3-mapper.dtd">
<mapper namespace="com.example.demo01.dao.User.UserMapper">

    <insert id="AddUser" parameterType="map">
        INSERT into `user` (UserName,Password) values (#{UserName},#{Password})
    </insert>

    <select id="UserLogin" parameterType="string" resultType="map">
        select UserName,Password from user where UserName = #{UserName} limit 1
    </select>
    
    <update id="UpdateUserInfo" parameterType="map">
        UPDATE user set UserName = #{UserName},Password = #{Password} where id = #{id}
    </update>

    <delete id="DeleteUserInfo" parameterType="string">
        delete * from user where id = #{id}
    </delete>
</mapper>