<?xml version="1.0" encoding="UTF-8"?>
        <!DOCTYPE mapper PUBLIC "-//mybatis.org//DTD Mapper3.0//EN"
                "http://mybatis.org/dtd/mybatis-3-mapper.dtd">
<mapper namespace="com.example.demo01.dao.Goods.GoodsMapper">

    <insert id="addInfo" parameterType="map">
            INSERT into `goods` (title,dateTime,price,type) values (#{title},#{dateTime},#{price},#{type})
    </insert>

    <select id="getInfo" resultType="com.example.demo01.model.Goods">
            select * from `goods` ORDER BY dateTime desc LIMIT 1000
    </select>

    <select id="queryInfo" resultType="map">
        SELECT * from `goods` where title=#{title}
    </select>

    <select id="classify" resultType="map">
        SELECT * from `goods` where type=#{type}
    </select>

    <update id="UpdateInfo" parameterType="map">
        UPDATE `goods` set title=#{title},dateTime=#{dateTime},price=#{price},type= #{type} where id=#{id}
    </update>

    <delete id="DeleteInfo" parameterType="string">
        delete * from user where id = #{id}
    </delete>

</mapper>